<?xml version='1.0' encoding='utf-8'?>
<project xmlns="http://www.plcopen.org/xml/tc6_0201" xmlns:xsd="http://www.w3.org/2001/XMLSchema" xmlns:xhtml="http://www.w3.org/1999/xhtml" xmlns:ns1="http://www.plcopen.org/xml/tc6_0201">
  <fileHeader companyName="未知" productName="未命名" productVersion="1" creationDateTime="2024-03-23T09:12:04"/>
  <contentHeader name="未命名" modificationDateTime="2024-04-26T09:27:45">
    <coordinateInfo>
      <fbd>
        <scaling x="10" y="10"/>
      </fbd>
      <ld>
        <scaling x="10" y="10"/>
      </ld>
      <sfc>
        <scaling x="10" y="10"/>
      </sfc>
    </coordinateInfo>
  </contentHeader>
  <types>
    <dataTypes/>
    <pous>
      <pou name="system" pouType="program">
        <interface>
          <localVars>
            <variable name="init">
              <type>
                <INT/>
              </type>
              <initialValue>
                <simpleValue value="1"/>
              </initialValue>
            </variable>
          </localVars>
          <outputVars>
            <variable name="get">
              <type>
                <DINT/>
              </type>
            </variable>
          </outputVars>
          <localVars>
            <variable name="set" address="%QW1">
              <type>
                <UINT/>
              </type>
              <initialValue>
                <simpleValue value="0"/>
              </initialValue>
            </variable>
            <variable name="adc" address="%IW1">
              <type>
                <UINT/>
              </type>
              <initialValue>
                <simpleValue value="78"/>
              </initialValue>
            </variable>
          </localVars>
          <localVars>
            <variable name="adc0">
              <type>
                <UINT/>
              </type>
              <initialValue>
                <simpleValue value="0"/>
              </initialValue>
            </variable>
          </localVars>
        </interface>
        <body>
          <ST>
            <xhtml:p><![CDATA[{int out,yun; uint16_t adcSet=45; float adc_get;}

if init = 1 then
  init := 0;
{
  out = PRINTF_SRT(1,0,500,&yun);
  
  printf("/******out = %d**get = %d****/",out,yun);
}
end_if;

if set = 1 then
  set := 0;
{
  printf("/******set = 1****/\r\n");
  
  LED_SET(1,0,1);

  DAC_SET(1,0,1024);
    
  ADC_READ(1,0,&adc_get);
    
  SetFbVar(ADC0,adcSet);
}

ADC := ADC0; 
{
  printf("/******ADC Set = %f****/\r\n",adc_get);
}

elsif set = 2 then
  set := 0;
{
  printf("/******set = 2****/");
  
  LED_SET(1,0,0);
  
  DAC_SET(1,0,3072);
    
  ADC_READ(1,0,&adc_get);
  
  printf("/******ADC Set = %f****/\r\n",adc_get);
}
end_if;]]></xhtml:p>
          </ST>
        </body>
      </pou>
      <pou name="GPIO_SET" pouType="function">
        <interface>
          <returnType>
            <BOOL/>
          </returnType>
          <localVars>
            <variable name="init">
              <type>
                <BOOL/>
              </type>
              <initialValue>
                <simpleValue value="1"/>
              </initialValue>
            </variable>
          </localVars>
          <inputVars>
            <variable name="in">
              <type>
                <INT/>
              </type>
            </variable>
            <variable name="in_off">
              <type>
                <INT/>
              </type>
              <initialValue>
                <simpleValue value="2"/>
              </initialValue>
            </variable>
          </inputVars>
          <localVars>
            <variable name="access_path">
              <type>
                <INT/>
              </type>
              <initialValue>
                <simpleValue value="0"/>
              </initialValue>
            </variable>
          </localVars>
        </interface>
        <body>
          <ST>
            <xhtml:p><![CDATA[{
  char gpio_path[100];
  char gpio_io[5];
  int fd;
}

if init = 1 then
  {
    sprintf(gpio_path,"/sys/class/gpio/gpio%d",IN);
    ACCESS_PATH = access(gpio_path,F_OK);
  }
  if ACCESS_PATH <> 0 then
  {
    fd = open("/sys/class/gpio/export", O_WRONLY);
    
    sprintf(gpio_io,"%d",IN);
    write(fd,gpio_io,strlen(gpio_io));
    
    close(fd);
  }
  end_if;

  {
    char file_path[100];
    int fdio;
    
    sprintf(file_path, "%s/%s", gpio_path, "direction");
    
    fdio = open(file_path, O_WRONLY);
    
    write(fdio, "out", 3);
    
    close(fdio);
  }

  if in_off = 0 then
  {
    char file_path[100];
    int fdio;
    
    sprintf(file_path, "%s/%s", gpio_path, "value");
    
    fdio = open(file_path, O_WRONLY);
    
    write(fdio, "0", 1);
    
    close(fdio);
  }
  elsif in_off = 1 then
  {
    char file_path[100];
    int fdio;
    
    sprintf(file_path, "%s/%s", gpio_path, "value");
    
    fdio = open(file_path, O_WRONLY);
    
    write(fdio, "1", 1);
    
    close(fdio);
  }
  end_if;
end_if;


]]></xhtml:p>
          </ST>
        </body>
      </pou>
      <pou name="PRINTF_SRT" pouType="function">
        <interface>
          <returnType>
            <INT/>
          </returnType>
          <inputVars>
            <variable name="in">
              <type>
                <INT/>
              </type>
            </variable>
          </inputVars>
          <outputVars>
            <variable name="set">
              <type>
                <DINT/>
              </type>
            </variable>
          </outputVars>
        </interface>
        <body>
          <ST>
            <xhtml:p><![CDATA[if in > 0 then

{
  printf("/*****%d******/", IN);
  SET = 111;
  PRINTF_SRT = 121;
}
 
end_if;

]]></xhtml:p>
          </ST>
        </body>
      </pou>
      <pou name="LED_SET" pouType="function">
        <interface>
          <returnType>
            <BOOL/>
          </returnType>
          <localVars>
            <variable name="init">
              <type>
                <BOOL/>
              </type>
              <initialValue>
                <simpleValue value="1"/>
              </initialValue>
            </variable>
          </localVars>
          <inputVars>
            <variable name="set">
              <type>
                <DINT/>
              </type>
              <initialValue>
                <simpleValue value="2"/>
              </initialValue>
            </variable>
          </inputVars>
        </interface>
        <body>
          <ST>
            <xhtml:p><![CDATA[{#define LED_TRI "/sys/class/leds/user-led/trigger"}
{#define LED_BRI "/sys/class/leds/user-led/brightness"}
{INT fd1,fd2; int num = 50, numst=0; bool offset=0;}

if init = 1 then
  init := 0;
{
  fd1 = open(LED_TRI, 2);
  fd2 = open(LED_BRI, 2);
  write(fd1, "none", 4);
}
end_if;

if set = 0 then
{
  write(fd2, "0", 1);
}
elsif set = 1 then
{
  write(fd2, "1", 1);
}
end_if;]]></xhtml:p>
          </ST>
        </body>
      </pou>
      <pou name="ADC_READ" pouType="function">
        <interface>
          <returnType>
            <BOOL/>
          </returnType>
          <localVars>
            <variable name="init">
              <type>
                <BOOL/>
              </type>
              <initialValue>
                <simpleValue value="1"/>
              </initialValue>
            </variable>
          </localVars>
          <outputVars>
            <variable name="adc_out">
              <type>
                <REAL/>
              </type>
            </variable>
          </outputVars>
        </interface>
        <body>
          <ST>
            <xhtml:p><![CDATA[{#define ADC_SCALE "/sys/bus/iio/devices/iio:device0/in_voltage_scale"}
{#define ADC_RAW   "/sys/bus/iio/devices/iio:device0/in_voltage19_raw"}
{ 
  FILE *scale_stream;
  FILE *raw_stream;
  
  char scale_str[50];
  char raw_str[50];
  int ret = 0;
}

if init = 1 then
  init := 1;
{
  scale_stream = fopen(ADC_SCALE, "r");
  raw_stream   = fopen(ADC_RAW, "r");
  
  fscanf(scale_stream, "%s", scale_str);
  fscanf(raw_stream, "%s", raw_str);
  
  float scale = atof(scale_str);
  float raw = atof(raw_str);
  
  float adc_data = (scale * raw) / 1000.f;
  
  
  ADC_OUT = adc_data;
  
}
end_if;]]></xhtml:p>
          </ST>
        </body>
      </pou>
      <pou name="DAC_SET" pouType="function">
        <interface>
          <returnType>
            <BOOL/>
          </returnType>
          <localVars>
            <variable name="init">
              <type>
                <BOOL/>
              </type>
              <initialValue>
                <simpleValue value="1"/>
              </initialValue>
            </variable>
          </localVars>
          <inputVars>
            <variable name="value">
              <type>
                <UINT/>
              </type>
            </variable>
          </inputVars>
        </interface>
        <body>
          <ST>
            <xhtml:p><![CDATA[{
  #define DAC_enable() system("echo 0 > /sys/bus/iio/devices/iio:device1/out_voltage1_powerdown")
  #define DAC_diable() system("echo 1 > /sys/bus/iio/devices/iio:device1/out_voltage1_powerdown")
  #define DAC_scale "/sys/bus/iio/devices/iio:device1/out_voltage1_scale"
  #define DAC_raw   "/sys/bus/iio/devices/iio:device1/out_voltage1_raw"
}

if init = 1 then
  init := 1;
{
  char str[10];
  FILE *data_stream;
  
  DAC_enable();
  
  sprintf(str, "%d", VALUE);
  
  data_stream = fopen(DAC_raw,"w");
  
  fseek(data_stream, 0, SEEK_SET);
  
  fwrite(str,sizeof(str),1,data_stream);
  
  fclose(data_stream);
} 
end_if;]]></xhtml:p>
          </ST>
        </body>
      </pou>
    </pous>
  </types>
  <instances>
    <configurations>
      <configuration name="Config0">
        <resource name="Res0">
          <task name="task0" priority="0" interval="T#1s0ms">
            <pouInstance name="instance0" typeName="system"/>
          </task>
        </resource>
      </configuration>
    </configurations>
  </instances>
</project>
